{"cameraMode":{"drawMode":0,"name":"Shaded","section":"Shading Mode"},"sceneLighting":true,"audioPlay":false,"sceneViewState":{"m_AlwaysRefresh":false,"showFog":true,"showSkybox":true,"showFlares":true,"showImageEffects":true,"showParticleSystems":true,"showVisualEffectGraphs":true,"m_FxEnabled":true},"in2DMode":false,"pivot":{"x":400.55133056640627,"y":249.60548400878907,"z":599.1765747070313},"rotation":{"x":-0.040114354342222217,"y":0.027289437130093576,"z":0.0010595708154141904,"w":0.9988648891448975},"size":619.8719482421875,"orthographic":false}